t,x,y,z,magnitude
0.0,0.44491891221243934,0.04968484223223437,-0.002862946310638759,0.4476936658626297
0.049977779388427734,0.47286776412683285,0.047810542423565215,-0.004831696404113338,0.47530318282890455
0.09991097450256348,0.47420359168268766,0.04588182658825844,-0.004723687200124549,0.4764414986088017
0.14991283416748047,0.4839034518947456,0.05261612380975862,-0.005784580607658616,0.4867899635502161
0.20025849342346191,0.4675879212552897,0.050498034872755046,-0.0038841160820193665,0.4703228699389299
0.24999642372131348,0.4818370404435862,0.05115776804171721,-0.005067038850015287,0.4845716930002741
0.29991912841796875,0.4855126091067501,0.05392334622192517,-0.0055728296821214735,0.48852970974146437
0.3499491214752197,0.47862729523389247,0.05912583269097993,-0.005694797492159981,0.4822990592493315
0.39991283416748047,0.48525868189703475,0.06066911384971521,-0.00565328618275522,0.48906920714395974
0.44991540908813477,0.45128079792784775,0.0545834603176209,-0.004277031784542842,0.45458993138819764
0.5002768039703369,0.4467423505562052,0.05176466219471934,-0.004878665726019189,0.449757834186224
0.549877405166626,0.4413679166270033,0.047621467425093725,-0.005293688397926089,0.4439611076707451
0.5999219417572021,0.43458072264709113,0.045803653246749475,-0.004919011924451207,0.43701553270510796
0.6499085426330566,0.45893400942085705,0.04186157520313281,-0.005507948839279748,0.4608721666384367
0.6999301910400391,0.4615059498027573,0.04028969924397776,-0.006294192165200073,0.4633040237506337
0.7499277591705322,0.4696152669646563,0.04637107132239893,-0.0054653518695492636,0.47193076324067956
0.799893856048584,0.480729341318158,0.039495514772655366,-0.006723025332526747,0.4823958896601098
0.8498997688293457,0.48416297734909697,0.04347956043128951,-0.007080792520562259,0.48616293403915484
0.9000012874603271,0.48119058582402957,0.0352162834127888,-0.008391946714940488,0.4825505064475107
0.9499208927154541,0.49398615420122266,0.039925560729816637,-0.008379679364170993,0.49566782220389366
1.0000557899475098,0.5075550090966473,0.03637723514542901,-0.0113283824724754,0.5089830279541414
1.049940586090088,0.4934954135790045,0.03619236939229204,-0.013057345191050874,0.49499303539461953
1.0999176502227783,0.5001097203031346,0.028948616386276618,-0.013924491570057072,0.5011403458092792
1.1499719619750977,0.4942821070150176,0.025982116580955485,-0.012677650914521296,0.4951268469088928
1.2001166343688965,0.4836069781931826,0.03329069898016448,-0.012279680753977701,0.4849069710317113
1.2499566078186035,0.4865467918866579,0.03198664612529428,-0.013023671522105804,0.4877709936491297
1.2999119758605957,0.47679544494815035,0.036426053214271004,-0.011672216005721827,0.4783272878506492
1.3499252796173096,0.46734059237194653,0.03879235904559137,-0.009763585658001912,0.4690494686104922
1.4000282287597656,0.45903354401127316,0.035627928355961826,-0.009711843612540023,0.4605165183930338
1.449920892715454,0.4542871283641461,0.03804534954374934,-0.011131430140489855,0.45601332475731543
1.499915599822998,0.41505927234084,0.03586253748045237,-0.011809888127928698,0.41677307327637975
1.5499200820922852,0.43561018183431455,0.03952545244632904,-0.012083397393196882,0.4375665668231218
1.5999114513397217,0.4032329716504549,0.03880883959541944,-0.011187317195335878,0.4052506773872545
1.6499173641204834,0.4077736434770835,0.04043273850551384,-0.01142821926985083,0.40993262233361066
1.7000105381011963,0.3783864529276775,0.03685688564925917,-0.010409355862058592,0.3803197240065456
1.7499322891235352,0.35799314804391785,0.04155585414657878,-0.009523935081559383,0.36052279872385873
1.7999036312103271,0.37738909791232544,0.04461172091223328,-0.009643708589805667,0.3801391034623968
1.8498833179473877,0.3767885301422842,0.04537780675884557,-0.009450663429150503,0.3796288408857752
1.899918794631958,0.39456688846713484,0.04276429209887515,-0.00970134538538597,0.39699613380439974
1.9501941204071045,0.4008223379980167,0.044762522633481606,-0.011304535022580628,0.40347245579194874
1.999922275543213,0.4326767370848338,0.050797335954760006,-0.011729339952132071,0.43580627068709304
2.050031900405884,0.42023760232970614,0.04800296650833242,-0.011116273520865614,0.42311641275470635
2.099956512451172,0.41421509422328223,0.050109995164083425,-0.010756425823580884,0.4173737612670989
2.1501450538635254,0.4018767398180226,0.04787955273306356,-0.00995544178354514,0.40484129779184636
2.1999433040618896,0.4025505019568118,0.048552750904300744,-0.009756971645677024,0.405585348282887
2.2498879432678223,0.39485407852892834,0.04558998312381271,-0.00957582828853179,0.39759261358779047
2.2998952865600586,0.39252290137117407,0.043884050678572636,-0.009465909932443443,0.3950818161541393
2.3499579429626465,0.3891684643288723,0.04858080310099851,-0.009141845180011422,0.39229550263968876
2.400132417678833,0.42901996203564013,0.050626453223288716,-0.01100657423809102,0.432136911484648
2.4500808715820312,0.4559101346076393,0.053519220414992894,-0.010912467976687901,0.45917038204693317
2.4998769760131836,0.4724497115829628,0.05914937388259824,-0.011143744952163123,0.47626837125415644
2.5499274730682373,0.47721745356165296,0.062423452292114726,-0.00985739448368297,0.48138379034398454
2.5999362468719482,0.45759757773691573,0.05076126032404253,-0.008488356931378926,0.460482682523211
2.6499128341674805,0.45473344125572307,0.04907649965472017,-0.00820767813838437,0.4574476706630554
2.6999690532684326,0.4443826500408582,0.05767543133429397,-0.009228737031285095,0.4482048244096948
2.7499351501464844,0.43046473297577353,0.05800188449374262,-0.010032629474974967,0.4344706648266504
2.7999088764190674,0.4016282183858957,0.055697050111180625,-0.009764492365651682,0.4055893643897421
2.8498730659484863,0.41542414151263124,0.052656820326299536,-0.010907066056184685,0.4188901075083259
2.8998517990112305,0.3964904078784428,0.05403369079268466,-0.009337236559171931,0.40026424680060463
2.949934720993042,0.39833350868490724,0.0481547911974868,-0.009317968239489995,0.40134186498372526
2.9999701976776123,0.3886639292904935,0.044009703687692456,-0.010292441072650125,0.3912830667093047
3.0498616695404053,0.39115710004650234,0.04561105943300501,-0.009462994572797328,0.39392105037135977
3.0998904705047607,0.4163705178088432,0.047628497025681664,-0.00949993479245209,0.4191934286106957
3.1499240398406982,0.4110742803823395,0.05483177452616358,-0.009037819771873994,0.4148135360324868
3.1999101638793945,0.4097080192020183,0.051680051387630245,-0.008618771486137045,0.41304451567815276
3.24993896484375,0.4175225104069255,0.044826976697438514,-0.010858190219016005,0.42006238207100416
3.2999043464660645,0.43062944134494674,0.05314467229739373,-0.011614087955100457,0.43405179297600777
3.349954605102539,0.4102899092227693,0.050592932149610886,-0.00968370376497241,0.41351085658315084
3.3998944759368896,0.39403440423509095,0.04924310633328882,-0.008872787891877384,0.3971985921516199
3.45027232170105,0.39610114219716885,0.05046577938642731,-0.009382331056274121,0.39941324198758216
3.4999117851257324,0.41186038671803854,0.049134619031539144,-0.010827564992943794,0.4149221916198062
3.5498900413513184,0.4006744219075178,0.05025544674695275,-0.011100989241523616,0.4039663776365551
3.5998435020446777,0.35033693790242487,0.04586422742379468,-0.01171268308544943,0.35352041576278054
3.6498661041259766,0.3442809615616314,0.04582100917407307,-0.01227048661330468,0.34753346632699894
3.6999564170837402,0.3275854118759555,0.042825211291551875,-0.010376249463614252,0.3305357277951003
3.7498843669891357,0.32929024023932585,0.039293617797172956,-0.010366560317194394,0.331788360689873
3.7999160289764404,0.32379395045674264,0.03733714869709046,-0.009236272350630357,0.32607038159291185
3.849933624267578,0.3328705711351326,0.03312476459931218,-0.008719585717242252,0.33462829876247696
3.8998658657073975,0.3260179590021727,0.03034312916741774,-0.008865290126864244,0.3275469560973608
3.949924945831299,0.352401944095624,0.03291059085919774,-0.010206103465898814,0.35408247872640275
3.999842882156372,0.32170440560431346,0.030131023516690794,-0.009474958190237994,0.32325126139907756
4.050474643707275,0.3171145720303948,0.02915443012236042,-0.009192567012093837,0.3185845819842069
4.099897623062134,0.3356847267461693,0.034064882214084755,-0.009274893788415894,0.33753618417244724
4.149894952774048,0.3222225174574232,0.033618891184221525,-0.008544981375988544,0.32408424415230663
4.19991397857666,0.30581548076544773,0.03446423867575472,-0.007810211423246107,0.30785043678022794
4.249891519546509,0.3026736220765714,0.03624100920378336,-0.007458358703798962,0.30492680984723924
4.29995059967041,0.32200550758452884,0.03475170165059535,-0.007552458757579757,0.3239633734169142
4.349918842315674,0.3162997402331039,0.034321848944907724,-0.0077678477086255615,0.31825124421524337
4.3998918533325195,0.30720444166432165,0.03134899560386313,-0.007304774893589318,0.3088862059722069
4.449909210205078,0.31871355314110206,0.03201330834579967,-0.006867143412181157,0.3203909151734999
4.499914884567261,0.3245493353710983,0.03025047656515466,-0.004782134778569606,0.3259911520812812
4.549893617630005,0.3366697760823049,0.03639124896211811,-0.005962105756264252,0.3386833444877103
4.599872350692749,0.34404884359439586,0.04154483404072956,-0.0056193369193692005,0.346593648184046
4.649923086166382,0.35116936718427255,0.043173567580397636,-0.004354534809468401,0.3538401381409809
4.700002431869507,0.3390510299762213,0.040385144683031796,-0.004615819264471109,0.34147894023861586
4.749886512756348,0.3196166390094491,0.035600381282092385,-0.003665727325866511,0.32161408650112705
4.799853324890137,0.30372774718081375,0.033145866613978864,-0.003163809242783807,0.3055473818739881
4.849975824356079,0.29136858839362456,0.03625846093218657,-0.003359775788813405,0.2936351790658187
4.900663614273071,0.2740257441607007,0.03656492660497494,-0.004612391169564249,0.27649299534120947
4.949885129928589,0.2820666648785737,0.036589337709231284,-0.003825694917865864,0.2844556538571985
5.000166654586792,0.280114102560512,0.03575891291074386,-0.003396334843414748,0.2824077644049607
5.0500099658966064,0.263325141695625,0.03329552150647296,-0.0036622710576672763,0.2654470460010976
5.099883317947388,0.24349542982426275,0.027672771598682755,-0.003464400663905425,0.24508734913335573
5.1498894691467285,0.2519120687447628,0.026100434887128002,-0.002957336968223726,0.25327784925355573
5.199982404708862,0.2559019919632885,0.02503512294890098,-0.0020271918168247604,0.2571316712863426
5.249913930892944,0.2617799913296899,0.019301898981818746,-0.0017822892249666276,0.2624966737308461
5.299875497817993,0.2362785288995986,0.01630298699623386,-0.0017959091878456837,0.2368471150209958
5.350489139556885,0.2415206268938813,0.014237207273156468,-0.0013275440111484168,0.24194353403067786
5.400176048278809,0.24127724619141533,0.009768513379608932,-0.001251367451588071,0.24147815492060423
5.449915885925293,0.24746461203135828,0.010829236146591833,-0.0014256665865039443,0.24770554916788845
5.499932050704956,0.2646534656507279,0.010420086866099668,-0.0009560370014276963,0.26486024446486145
5.549951553344727,0.2768275321713357,0.010597921167493357,-0.0007848692561194557,0.27703143236985495
5.59989333152771,0.25559737237187874,0.016454084028935185,-0.0010724903073941194,0.25612868617181395
5.649930000305176,0.2533738569153998,0.01299024436955874,-0.0006951239005987043,0.2537075895873112
5.699921369552612,0.262742252265706,0.01751838320236165,-0.0008382932709849071,0.2633269595223567
5.749867677688599,0.25597692569545594,0.015991653665148917,-0.0010378587851995267,0.2564780626609244
5.799903631210327,0.23123064295038773,0.012101746007062205,-0.0007318658361479922,0.2315482630538853
5.84990668296814,0.21021165155683041,0.011759538437878614,-0.0008031337774203629,0.210541849090357
5.899937391281128,0.19194482469262286,0.009974310976421527,-1.864103887353838e-05,0.19220380577195764
5.949887275695801,0.1990674770852409,0.010771821722062213,-8.019446242123594e-05,0.19935871941665004
5.999895334243774,0.19822802731615177,0.012172832841585157,-0.000635683144992325,0.19860244904356797
6.0498974323272705,0.2147874963561743,0.015040875910835262,0.0003103730959349926,0.2153137080414933
6.09989333152771,0.24600251124898756,0.01958380982089409,-0.00024276928142140584,0.24678091515519024
6.149924039840698,0.23526944704011712,0.022930183122571855,-1.3894272543952031e-05,0.23638423424934235
6.200325012207031,0.258604605569705,0.02269875143110674,0.0005381964873202454,0.2595994318057203
6.249923229217529,0.2303708010093035,0.02019076918916168,0.0004958274013836748,0.23125444636358902
6.299915552139282,0.2502077752436653,0.020412557207528468,0.0010272033120209594,0.25104114887957985
6.349889278411865,0.26590929581345557,0.02300779644945934,0.00030065751178101846,0.26690298367085924
6.399832248687744,0.2472382829957639,0.02077874469280433,-0.0004721326965308002,0.2481103539133047
6.449907302856445,0.24628862193011833,0.022915030430658703,-0.000292992275702822,0.2473525212249683
6.500061511993408,0.24042226248152723,0.02629957962001775,0.00046186128119868157,0.2418568698647386
6.549889802932739,0.26954285571830955,0.028468207342326506,0.00045189107319443174,0.27104242122518235
6.599910497665405,0.2504486508214411,0.026167991336106627,0.0009041563545383647,0.251813637374071
6.651434898376465,0.2363749418188768,0.02567715469097553,0.0010687583661723498,0.23776789446295507
6.699864864349365,0.2423494912702444,0.021882033561615243,0.0008969578686860697,0.24333701700554342
6.74990177154541,0.25322218767701266,0.02220130578014964,0.0018940054317464474,0.25420063250678865
6.799889326095581,0.2476060803993208,0.024443772553033042,0.0021024793403510824,0.24881858750245314
6.8499298095703125,0.2332265529774811,0.023503937139738973,0.0024470569615905545,0.2344206649649298
6.899914264678955,0.19533711905578985,0.02099961258348738,0.0016233746121345008,0.1964693593281245
6.9499595165252686,0.17717650136069032,0.019474533584120966,0.0014877896399938596,0.1782497787116344
6.999976396560669,0.18116491535503093,0.019721715574352833,0.0020701994056749468,0.18224697074676013
7.049907207489014,0.20637138615553807,0.02573651850962789,0.002143433421554843,0.20798103691343417
7.099883794784546,0.217621897716483,0.02858260414067171,0.0021724183526553296,0.21950165153520984
7.149925947189331,0.22138260042679045,0.028736502720522986,0.0021462094655027505,0.22325019277797814
7.199896335601807,0.22428178536838034,0.027956196038577675,0.0015037152203828277,0.22602240885460806
7.249891996383667,0.21879233375087617,0.026253605580800456,0.0018081816183884007,0.22036925065651083
7.299868106842041,0.23845242648612228,0.03038950747918379,0.0025666290861883646,0.2403948199250828
7.349873304367065,0.25408998597296073,0.03315641815744645,0.0029513887076326505,0.2562611553319667
7.399905204772949,0.248383070582327,0.03206195857237483,0.0027947760667861067,0.25045943726013875
7.449936628341675,0.24131970049122534,0.03173945848870987,0.003470990436588294,0.24342275745078176
7.499901294708252,0.22706075622416141,0.026950819998069746,0.00302798236912853,0.22867466495631772
7.550212144851685,0.23174975911778567,0.026366172862975875,0.0028329227667780272,0.23326198012962707
7.599941968917847,0.23542331922024243,0.026056683055562406,0.0036062097567441083,0.23688835917651976
7.649858474731445,0.25158436561199216,0.027810200430226032,0.003049512989370628,0.2531351413728055
7.699954509735107,0.25399444392561155,0.025174556285444395,0.0021512172462421954,0.25524804321461536
7.749897480010986,0.21831922952434638,0.022059506649572777,0.0020363319871758447,0.21944032095694896
7.799875259399414,0.22642874289814965,0.024344698885433193,0.002351478012446236,0.22774584392059008
7.849856853485107,0.22243998691590913,0.024007560370044437,0.0025924946365164098,0.2237468027984121
7.900049448013306,0.22248602173036067,0.022636172855236447,0.0021061427646553617,0.22364449920416057
7.950009346008301,0.23217810180608703,0.02307986840596675,0.0023401694356898727,0.23333415454429768
7.999881982803345,0.24196882793115515,0.025833583654447274,0.00267954284294392,0.24335872222843272
8.049888849258423,0.2519200279527432,0.02702790354154864,0.0034514793830259715,0.25338926726184285
8.099885940551758,0.24711047808135841,0.02804616515065267,0.0033244918525727135,0.24871917498120852
8.149914026260376,0.2645154562034939,0.03019787618449343,0.004443612792334939,0.26627069683171056
8.199902057647705,0.2348850054186238,0.03152736437469015,0.004062565895768859,0.23702625364414567
8.250045537948608,0.22271944609785893,0.028783159559517515,0.004207953267640802,0.2246110612037359
8.299866914749146,0.21462807230489137,0.030494891703379667,0.004294624821390275,0.21682617840950624
8.350156784057617,0.2235413639646434,0.03134189739501741,0.004182659548840207,0.22576658427764387
8.399933576583862,0.22734284542627545,0.03374333387844057,0.005936402342830842,0.22991003201366236
8.44990587234497,0.21855825430956813,0.032417596222130585,0.005507820876602179,0.22101797927425654
8.499876499176025,0.2043675871781919,0.030298437182226627,0.005494601671042569,0.20667437342893924
8.549853801727295,0.22506841903155458,0.03084195303298371,0.005806129921671016,0.22724596906638309
8.599862813949585,0.23745545816967437,0.03312930877511429,0.006204512812773045,0.23983565559301373
8.649914503097534,0.24341032614146238,0.03704093239553911,0.006444571396367174,0.24629687380376322
8.699981212615967,0.237295015344858,0.03579654007697461,0.006880483376205398,0.24007844059908645
8.751399517059326,0.27006553618171475,0.04047414947094449,0.008406091043228491,0.2732109312877881
8.799886226654053,0.32251129673640105,0.04412997534535217,0.008261073312711115,0.32562130854545485
8.849867105484009,0.32036374435241255,0.04017454309608169,0.007665135212966543,0.32296389412178866
8.899925947189331,0.3117288619932501,0.04019474144277506,0.008153812317511118,0.31441530702967935
8.949899196624756,0.2824991933034887,0.03697218070937029,0.007422980660017655,0.28500497715900897
8.999889850616455,0.27761315516217255,0.038409742791509334,0.007683543309262102,0.28036299523687447
9.049947738647461,0.2849967065779576,0.03736190390306369,0.008339849502355317,0.28755623400174474
9.10012149810791,0.3045719106826614,0.038569652161555244,0.008781211701438318,0.30712990170886306
9.150055170059204,0.26284419813611365,0.034234832526822516,0.007669484835862168,0.2651752576120247
9.200518131256104,0.29752105371192195,0.04223068165660585,0.00935083247359007,0.3006487085337023
9.2499840259552,0.3024198225487747,0.03679913791783048,0.010522659955130817,0.304832170209214
9.299939155578613,0.29760649396555566,0.037310562404897205,0.011509481725250714,0.3001569114430383
9.350031614303589,0.29403359546536534,0.03656224921113675,0.0114254135338562,0.2965182851091767
9.399819612503052,0.27870156255921763,0.03519781090986176,0.01097987880371003,0.2811298714194919
9.449941158294678,0.2654923029448115,0.03521466385721084,0.010676326936097932,0.26803025842311606
9.499931573867798,0.2637997574323579,0.03764578821226603,0.01013180506549382,0.266664903700091
9.550541162490845,0.27175281328852374,0.03995033358093835,0.009817041503418293,0.27484904036095037
9.600054740905762,0.3108557589178231,0.048355943170467104,0.010603695578982969,0.31477299511268897
9.649895191192627,0.30017962616685173,0.04796799653251261,0.010038402637200268,0.3041537541844923
9.699883222579956,0.2915643114934511,0.047751879864375006,0.010535349437074779,0.2956365731011526
9.749862432479858,0.31265710713226896,0.05548217075459474,0.01178448023249467,0.3177603057122006
9.799850702285767,0.31452557178387974,0.05349488982697584,0.012076406762558516,0.3192708538903474
9.84985065460205,0.3374822395595812,0.055649484089266524,0.013591650274350333,0.34230959679029205
9.899910688400269,0.33788981589037104,0.05543574355846869,0.014166510865609142,0.34270007204028213
9.949862003326416,0.35082814845185534,0.06367178315801891,0.013885810413529969,0.35682951313970557
9.999899864196777,0.3775857908074512,0.060317850511115934,0.014735409824237015,0.38265703288017305
10.050044536590576,0.37740018614196497,0.058262608399855524,0.014969020036673435,0.38216423641989716
10.099882125854492,0.37665442850662667,0.06337992484723129,0.013199283275082324,0.3821777001164119
10.14983606338501,0.3701295501293642,0.05985297514739969,0.013371335531138293,0.375176032186022
10.199963331222534,0.36507895953877795,0.0593099943994152,0.012922926855938889,0.37009096742841385
10.249896764755249,0.3562450868419561,0.06629357543871393,0.012678689885348005,0.36258261020171684
10.299981117248535,0.3495165325514621,0.0644861605928311,0.013021012574181217,0.3556540709780483
10.349866390228271,0.37607302239270146,0.0659328161292712,0.0137563509591117,0.38205666020372925
10.39990520477295,0.38456350590209293,0.06925369729448262,0.012670349205606543,0.39095485981076755
10.449869155883789,0.39033846894532415,0.0698684549860764,0.01327006019143569,0.3967641816472418
10.499861717224121,0.39606069439784847,0.07412936403718169,0.014352820279976492,0.40319379919519127
10.549926042556763,0.389764169497276,0.0755218611985992,0.014680336340970284,0.3972847487859127
10.59990406036377,0.36997221170743727,0.07130030425921703,0.013339058167149283,0.377016049122496
10.650107145309448,0.3530892316262854,0.06953136530212223,0.012222846111023278,0.36007778912100585
10.699970722198486,0.38137873828357965,0.0816190062000028,0.014630382706436552,0.3902889343627206
10.74988079071045,0.39392484359882657,0.08298616322644137,0.01560608015164212,0.4028734732259063
10.79990267753601,0.3892822866077352,0.08405281598463049,0.016201893853640802,0.39858258354566584
10.84987187385559,0.38444879605652954,0.08203018415634702,0.014940035389420497,0.3933866197006151
10.900124073028564,0.3987145885869628,0.0905272443526558,0.016005954286142814,0.40917562939985386
10.949957370758057,0.3749170218476636,0.084071537066138,0.014820848964293299,0.384513269185612
10.999921321868896,0.37530000713593537,0.08081308019839696,0.014582572585148454,0.3841789956655449
11.050116539001465,0.39188986885448823,0.08118721452199386,0.014482651452655083,0.40047319548969484
11.099888563156128,0.39162496421965093,0.08277036823325153,0.01480702496787909,0.4005499899462117
11.149898052215576,0.38743682938929913,0.08376290801974619,0.013807695659695309,0.3966285087920284
11.199981927871704,0.3912398486344036,0.08388426897360701,0.013720862492012095,0.40036664672301586
11.249948501586914,0.40474536505447406,0.08549572882578217,0.015205552018196105,0.413955962624902
11.299953937530518,0.3820590134013634,0.08069078080534231,0.014361424710178414,0.39075099788472084
11.349944591522217,0.364398514914006,0.07788554580032984,0.015300039067534708,0.37294306148742923
11.399975776672363,0.38277106164928143,0.08487505787081301,0.015981996152912965,0.3923937885412097
11.449860334396362,0.38550981185948335,0.08650974271267513,0.01598342846302672,0.39542030879758844
11.499891519546509,0.37351036492457307,0.08266342446354764,0.015807169492385833,0.3828747850897071
11.549905776977539,0.37045514877317404,0.08210605310879499,0.014577980030314965,0.3797248197200481
11.59986662864685,0.36434147486561846,0.07810141008394803,0.015472555229937445,0.37293959367396023
11.650107860565186,0.3612633637990209,0.07919949222432575,0.014240484442552968,0.3701169666323517
11.699897766113281,0.34834007893261354,0.07916692887519002,0.01511069735956486,0.35754237006682327
11.749923706054688,0.34266108697682646,0.07447530118370761,0.014660627127836993,0.35096741302053336
11.799927234649658,0.3649418025206597,0.08079621728231691,0.016183776255416612,0.37412893842637324
11.849910259246826,0.3725713427958518,0.08275612811992233,0.01574622524295218,0.3819763419683304
11.899846315383911,0.37234822935122835,0.0851242799913992,0.01717052331640879,0.38234038998778097
11.950012445449829,0.3604129499956998,0.08326390287480243,0.015756227013214694,0.37024131419418777
11.999897718429565,0.35429706295365276,0.07864672951902489,0.014804443509948943,0.36322291837005893
12.04990291595459,0.35234091864551914,0.08311526886107641,0.01523342144018057,0.36233179269640625
12.100001811981201,0.3397328801620143,0.08040382158714544,0.014175073550652891,0.34940540508006096
12.15007495880127,0.3157082257423655,0.0773414666705933,0.014119566157993134,0.3253501935094566
12.200381755828857,0.3303032469763235,0.07916979493989605,0.013897666834397172,0.33994299012829676
12.249937772750854,0.3225167588714479,0.0791497599835902,0.012000673012201155,0.3323037171190677
12.299880266189575,0.33599841826206805,0.08066861124619175,0.012737745339975308,0.34578116211174215
12.349884986877441,0.3162728652090587,0.07458292939553987,0.012987687255956316,0.32520734715720373
12.399922370910645,0.3178375735223431,0.0692448566921295,0.012362280139109361,0.3255278779016049
12.450100660324097,0.316346781984871,0.06865238962260485,0.011991887292991955,0.3239324658534943
12.499869346618652,0.3216229817648212,0.06451420713568726,0.012501442128320545,0.3282677434304635
12.549927473068237,0.3228528282053987,0.06580999979512564,0.012949913184108945,0.32974627367831627
12.5999436378479,0.3220921867486463,0.06557641994129926,0.014328635863101086,0.32901208704626617
12.649887084960938,0.32400414191855476,0.06483891859964003,0.014604899637858154,0.3307507708819159
12.69986891746521,0.34237336450900957,0.07266669524882331,0.015260659886614698,0.3503324950154916
12.750379085540771,0.35159330781487136,0.07616381087296763,0.015038729852281149,0.3600624162315
12.79997992515564,0.3574201665756908,0.06986367168862707,0.016554095830146692,0.3645602092735362
12.849908590316772,0.35577002652440676,0.06746172155877239,0.01670811520123139,0.36249490584341737
12.899900913238525,0.3339343328213401,0.06042953532249203,0.01360635877743012,0.33963068232317584
12.949859380722046,0.3500893715533757,0.06066063337179633,0.0146384594025049,0.3556073185543062
12.999875783920288,0.3590562335918655,0.06026779418580022,0.014491346864357286,0.36436737646383954
13.049947261810303,0.36298309202040346,0.06040400440546435,0.012989588894829965,0.36820388137628957
13.10088324546814,0.3784490002130658,0.06429443383195795,0.013793008333461048,0.38411933961065803
13.149905681610107,0.3666603037984012,0.05655902995505913,0.012257636792368316,0.37119934255158205
13.20013952255249,0.36492081383726194,0.05899267903397382,0.01199507728684771,0.36985296866507983
13.249894857406616,0.34721317090167636,0.054748688184280636,0.011123370038009534,0.35167902164686876
13.299904823303223,0.36664271224444,0.056044688202579726,0.011328308377021147,0.37107440775182615
13.34987211227417,0.358304737181742,0.05134755216443058,0.010854543798536887,0.3621279841730414
13.39993143081665,0.35290066314424196,0.05384029415108067,0.009649437772810689,0.3571145012054985
13.449927806854248,0.3698454289301657,0.056044838985945845,0.010834056481661393,0.3742245877241989
13.49988079071045,0.35754031321603535,0.0533552304866429,0.009895020091913929,0.36163485398606543
13.549932479858398,0.3538523462203341,0.05828703883610367,0.010061972440148267,0.35876190588091006
13.600023746490479,0.34087427426542544,0.05702813284742958,0.010050178106996505,0.3457578413746056
13.649910926818848,0.3338329952736496,0.05241953970239379,0.011018500778331806,0.3381030674740907
13.699912786483765,0.30363327416825253,0.04618696202838124,0.00890567779529999,0.30725512484015305
13.749912977218628,0.33307789578238983,0.05152678277355921,0.01036139653610242,0.3371991289134604
13.799869298934937,0.32745270762547035,0.05167933647924494,0.010030779237539643,0.33165742277582005
13.850010633468628,0.3256164356394504,0.05205956842014019,0.010775448728828588,0.3299278286503568
13.899870872497559,0.3135437400418099,0.04557018818304093,0.009826852555255738,0.3169903563226909
13.949879169464111,0.3267862413531299,0.04789129054161122,0.009883776768749821,0.3304247452759275
13.99994421005249,0.3073282940070618,0.046422740514196426,0.008796266021162623,0.3109391024462097
14.049884557723999,0.2795838375066795,0.042915082333497556,0.0069988082669092955,0.2829448882800486
14.099874258041382,0.29738993438371913,0.04545942196328789,0.007002908114221213,0.3009258593741077
14.149930477142334,0.29360988923426434,0.04689660352894982,0.006817445614385039,0.29740971074161915
14.200143814086914,0.294300794058381,0.048915229270222,0.006545928087934106,0.29840996332643516
14.249882221221924,0.29153305658251366,0.04834793661361235,0.00646442698681208,0.29558557960665943
14.299903631210327,0.31329969936737373,0.053858252129527585,0.005885266266077134,0.3179497590896353
14.349902629852295,0.3171431971571456,0.05285808042322831,0.0068377410792472195,0.32159063865751975
14.399945259094238,0.3383183152865762,0.0568793155707799,0.006288422063026558,0.34312400564546675
14.449893712997437,0.3231301504581672,0.05525601412551378,0.0061601923014664006,0.3278784366214829
14.499879121780396,0.3316102100032345,0.05510172208943877,0.005703430662983786,0.33620538406893263
14.549869298934937,0.32109519231465394,0.05761665912437492,0.004727328835889052,0.3262577961890898
14.599886894226074,0.306677293789847,0.05405115970538449,0.0043629257169552,0.3114346247811453
14.649878025054932,0.2909666797630442,0.05916135997689283,0.0027105048720107087,0.29693268948249296
14.69981837272644,0.3033123185740246,0.058695698855265016,0.0025503168326029544,0.30894991791357573
14.749892234802246,0.2894833935330555,0.05830471685640907,0.0026918913767541353,0.29530885766990495
14.799893379211426,0.3019722636285292,0.05961655647309429,0.0025631223865050447,0.30781155176993563
14.849887132644653,0.3042718246604857,0.06242084892164933,0.0025455285370946062,0.31061903576222416
14.899879217147827,0.2945447512076488,0.061514445552996365,0.002183429207801914,0.30090763506227913
14.949894189834595,0.2897706597315686,0.05650941273907276,0.002107012629051255,0.2952368345440697
14.999875545501709,0.28387756715888046,0.05754282058318262,0.0016215875272585338,0.2896554485640165
15.049877166748047,0.29872520515976525,0.056462896282916286,0.0009337581055922855,0.30401591859407456
15.099859237670898,0.2992978051614097,0.05120408061095634,0.0012031117564591702,0.30364861521757186
15.149893999099731,0.27889816773072607,0.045387143778490534,0.0012520146692859375,0.2825698998914387
15.200002431869507,0.27453258929769314,0.04322766867741215,0.0013136777617571659,0.2779181528346821
15.249881029129028,0.2868473311125226,0.04758854811822653,0.0011433493816806037,0.2907703020017459
15.299880981445312,0.2936174418097276,0.048454448510460255,0.0022217006984645796,0.29759699539702206
15.349862098693848,0.2760639437467692,0.0422454847961722,0.0035781234625003786,0.2793005280879287
15.399856567382812,0.25120395237772875,0.03697806021419595,0.0038185481980701004,0.2539397250091799
15.449893951416016,0.2540059012842289,0.039316193157819555,0.0039614873682991495,0.2570611878790838
15.50131344795227,0.24703153482631948,0.03813267103892123,0.004383667890249042,0.2499957926513598
15.549954891204834,0.22018806364598506,0.030256783361376313,0.0038000407573465676,0.2222896682738609
15.599902629852295,0.2428547127792788,0.027900027823207888,0.004280356937566956,0.24448955913730702
15.650171756744385,0.23228804720198595,0.030791208724728538,0.003980062283708127,0.23435374181656252
15.699898958206177,0.22652990352663144,0.029839193581033013,0.003812085254269902,0.2285185039757987
15.749947786331177,0.22034542312411298,0.030329446049880693,0.0039735075555222855,0.22245846702638855
15.799868106842041,0.22083219187480663,0.03158830293568391,0.0043090760362801935,0.22312159462247125
15.849876165390015,0.2215007348993758,0.029260254497023887,0.0041871932794139465,0.22346424913563542
15.899921178817749,0.236361968483397,0.028272589969469235,0.0041738539946332975,0.2380834739037899
15.949881076812744,0.24988980548358652,0.029392807078235703,0.004772677042026413,0.2516577645110728
15.999936580657959,0.23022710259523552,0.02750158960086143,0.003453270891518306,0.2318895885541684
16.049899339675903,0.23401487333711815,0.02432952342959457,0.003893885982229446,0.23530841251715
16.099902391433716,0.24505190623225062,0.02447357135438788,0.0036198978510372953,0.24629757632455504
16.149919748306274,0.25176180758853833,0.029585903367009992,0.0035281949049396355,0.25351879929815363
16.19986343383789,0.24822647702321193,0.02857470862681245,0.0036530461620122587,0.24989246210064878
16.24986982345581,0.24820415133035717,0.02543906157237893,0.0041637841135178655,0.2495391425998136
16.299877405166626,0.2481616235168811,0.024200380530369475,0.0044821211557602575,0.24937910741359998
16.34988236427307,0.2454777227757915,0.02941341870016941,0.004846301381017804,0.24728111172488584
16.399898052215576,0.2313959921986503,0.026279014536679413,0.003965489540933995,0.23291718897049246
16.449963331222534,0.2123293062743147,0.024307615650031943,0.003478932053940228,0.21374446764713548
16.49987816810608,0.2097906494345638,0.025467490968667225,0.0037527104648086016,0.21136412307259686
16.550122261047363,0.22292646773096858,0.025370555327298355,0.00319139311272209,0.22438819060418935
16.59987235069275,0.2247114467176857,0.028318591801901005,0.0037013100706035115,0.2265190425192477
16.649867296218872,0.22611803140334572,0.028295159441553183,0.004000316047797582,0.22791661348403197
16.699839115142822,0.2524917865221962,0.03378579758663015,0.004788179337405824,0.25478718382426974
16.74991774559021,0.2546096029495393,0.03204470369604563,0.004463393940933873,0.2566570373758752
16.79987597465515,0.23980762049984847,0.02980350255399528,0.004388302816286329,0.2416923681374585
16.849881649017334,0.25359597347583396,0.028451488152196402,0.0057989331290023705,0.25525287964421695
16.899903059005737,0.2631509160648898,0.028971608799014576,0.0059045397016111965,0.2648067641343055
16.94992423057556,0.27711202214980307,0.02899338580908213,0.006734057882275632,0.2787060041983112
16.999874353408813,0.28681279616043726,0.03182917723821996,0.00732001780116349,0.2886663458486976
17.04994821548462,0.2783255902674123,0.03251905191419933,0.007415630603764496,0.28031698933948573
17.09983992576599,0.25214401945142206,0.03126625374390399,0.0068962904794187836,0.25416873133938767
17.14986252784729,0.22744281095889063,0.02646628916671453,0.005575215894605599,0.22904536614262527
17.199848890304565,0.2440668816884213,0.02869218501495991,0.007178196279144194,0.24585241654265766
17.25113534927368,0.24335252805458024,0.027529366297982066,0.006704554196838266,0.24499646929354324
17.300158977508545,0.24411771098078983,0.03063986611823692,0.007835023042699226,0.2461577660694936
17.35039520263672,0.2608449623476721,0.03294144237001171,0.008229678531842399,0.263045548558254
17.39992618560791,0.2677503381141468,0.033779187073180686,0.008900176171798552,0.27001942555204045
17.449913263320923,0.2717573959420545,0.034508668596958225,0.01009258707242128,0.27412550186247847
17.49987244606018,0.2689582427799041,0.03776180640658239,0.010207251241235763,0.2717879290186445
17.5499050617218,0.26308757748976636,0.03812134974589731,0.010374567745037058,0.26603748305789393
17.59986162185669,0.24278641165109605,0.03192878896549439,0.01011344990138401,0.24508564037112895
17.64986300468445,0.25886016402446194,0.032240194444480855,0.01128299365103806,0.2611040417196154
17.69997477531433,0.2711650243583692,0.03659287329010384,0.012615052688791992,0.273913578278335
17.749889612197876,0.2345204085548589,0.030236366142648487,0.010903198449617886,0.23671277870592872
17.799843311309814,0.2247329405979208,0.03080733236355014,0.009783523870091251,0.22704559818781664
17.849860668182373,0.21749466782319504,0.03325213410577997,0.009276251417194492,0.22021735579755228
17.899990797042847,0.20927472947609402,0.03039601848863149,0.009066989854353112,0.21166492539453133
17.94983744621277,0.19604516637614852,0.032653082648163745,0.009068263099283673,0.1989526688976989
17.999847173690796,0.2068265950183167,0.0340150634204686,0.009730681075927974,0.209830767764336
18.04989266395569,0.22857325939503198,0.040830977926615115,0.011283940177471233,0.23246554793095914
18.10033106803894,0.22086851196016236,0.03918232034548822,0.010777537233555259,0.2245758426722997
18.14995288848877,0.2339737594958092,0.03955728746252485,0.011014957797770474,0.2375496335911345
18.199928045272827,0.2528360701238708,0.043152009997726636,0.01282867105126322,0.25681267321428736
18.249860286712646,0.24917504562290196,0.04056966951381652,0.013141006244911635,0.2527979182880357
18.299875497817993,0.2678588115448617,0.04322280462625923,0.014059125791544827,0.271687711867887
18.349928617477417,0.2788918471836744,0.04216707603957476,0.014431180951381298,0.2824304935924957
18.399916648864746,0.288804009450795,0.041260503659387326,0.014988112564529279,0.2921212565961748
18.450165510177612,0.2734784146851668,0.037274114625823994,0.014477612275428672,0.2763863313860669
18.49987292289734,0.3006990652151981,0.041208996721448045,0.01604798382373753,0.3039336227153706
18.54991579055786,0.2852840096033891,0.04137878774689945,0.015238865099869952,0.28867177420094536
18.599929332733154,0.2702292115842788,0.03952764874157749,0.013176261461011633,0.27342252225189384
18.649935722351074,0.2825828484309595,0.04485626173069775,0.013341896689574322,0.28643176613476856
18.699851512908936,0.266544380256506,0.04211637524495934,0.013316884375178605,0.2701796349090008
18.749930381774902,0.2753881387439465,0.041724722268734984,0.013225681731616128,0.2788449355224588
18.79985809326172,0.2934198960056721,0.049782547652866035,0.013911628401962086,0.29793803185827683
18.849863529205322,0.2719153011402842,0.043525168761706,0.013617554139123154,0.27571327333060774
18.899860858917236,0.28263273676599665,0.044982998311496596,0.013100089001636507,0.28648969677944797
18.94986653327942,0.28477395878039585,0.04670674743337245,0.013006842960899155,0.28887178093242843
18.999858856201172,0.3003372260707708,0.04562236000383435,0.012393312559229389,0.30403526652741375
19.049844980239868,0.31528348515951804,0.04504915626496457,0.014336524959931023,0.31880815303634247
19.099873304367065,0.3112453135182548,0.04555445026400775,0.013469548586749414,0.3148496178575789
19.14990472793579,0.29570543600374455,0.04356142416670771,0.013579379641913716,0.29920511711709696
19.200127840042114,0.2907216007349993,0.04634758271120762,0.013337020584683407,0.2946947975027195
19.249951362609863,0.2695613159730946,0.04622922676612529,0.013003448580990375,0.2738056503279997
19.300125122070312,0.23720266332756823,0.04251897196364953,0.011624842558364388,0.24126355595291232
19.349866151809692,0.24189150715833713,0.04283758004941432,0.012285933623192715,0.2459624029497503
19.399868726730347,0.252188724150713,0.03915083401735134,0.01328728502327592,0.2555552627834308
19.449858903884888,0.2605734024872909,0.044029775868676235,0.014093574065302063,0.264642679998491
19.499833345413208,0.2793674709416141,0.04618123369063352,0.015517495504432622,0.2835836434497459
19.549870014190674,0.27891297035608426,0.046797254848217285,0.015240744285932509,0.2832220125282851
19.599889039993286,0.26596828907690234,0.04329960835453276,0.013993066028296188,0.2698328978738932
19.649914741516113,0.2359785345820818,0.03836840918422746,0.011843789595717908,0.23937058916839118
19.700039625167847,0.24256907389377227,0.03435561168213164,0.012147820914273235,0.24529091547935694
19.74989604949951,0.2700649574326205,0.03160239099982548,0.0134999144426455,0.27224261246165654
19.79989457130432,0.25705826708899643,0.03284997897472654,0.01264668611132,0.25945714957779836
19.84989333152771,0.2582007861309712,0.03205783283298409,0.012615937097776734,0.26048898724025576
19.899900674819946,0.3030898527581566,0.04021399129823471,0.016026828483186623,0.3061657772716033
19.949886083602905,0.3024223033888893,0.04154701912107819,0.01729552298489884,0.30575241536283865
19.999911308288574,0.29568183489461203,0.041357465604712824,0.0175225938715429,0.2990739519648554
20.050013780593872,0.26678250363993133,0.03899142137197082,0.015403664508674518,0.27005649051502606
20.09983468055725,0.28390374732186513,0.04217547448276717,0.016121907257042406,0.2874717799799637
20.149925231933594,0.2680234653244689,0.03886664826082556,0.014623506087725526,0.2712213878768879
20.199832677841187,0.2702761078761459,0.03945884587137915,0.01497371647917382,0.27355143427037265
20.249855756759644,0.2606161287500502,0.03833411769105704,0.01455304259075002,0.2638220274966871
20.299911499023438,0.24522410247694038,0.03924437430653687,0.013272314753510858,0.2486988855810351
20.349827766418457,0.27045478008484763,0.04075897379241074,0.014320853304567827,0.2738834950389028
20.399881839752197,0.28023661184873655,0.040429474631635716,0.014043249838030581,0.28348600301507454
20.449908018112183,0.28295320490798676,0.03968613642616625,0.014261156266907517,0.2860784615629191
20.49996852874756,0.30352546050969675,0.041639403169137244,0.015386843555499059,0.3067544621167015
20.54984474182129,0.3230323743298799,0.041986727241203115,0.016563895570909436,0.32617045047966997
20.599870681762695,0.32750895271789393,0.04323123832466101,0.015655522299321423,0.330720651692512
20.649861335754395,0.32620140501820677,0.04505325232762549,0.015489018309428651,0.32966204189948634
20.699849605560303,0.32638452243549115,0.046075205574405066,0.015017730084578537,0.32996259374520104
20.750091314315796,0.3453843383735039,0.04707616608627877,0.015411511006715579,0.3489183590449148
20.7998263835907,0.34059733321850033,0.04926025782195405,0.014237246644672064,0.344435502798798
20.849881887435913,0.32185168850017765,0.051138525657456566,0.013839648438589263,0.326182761754415
20.899867296218872,0.3271275549022683,0.055703550026362604,0.014742172426508129,0.3321635957020711
20.949835300445557,0.30362252938074186,0.054199691871001376,0.014450837727322434,0.308760544204554
20.999825954437256,0.3159977472205279,0.05631577975037783,0.013895093850821525,0.32127732090900046
21.04981541633606,0.33532345165556027,0.05913101863967779,0.013543867361157145,0.3407663876303844
21.100465059280396,0.31087922218883585,0.05606340782082199,0.012018031537346333,0.31612249139732534
21.149903297424316,0.3282640568553972,0.05405797269679529,0.011138682039037924,0.33287178563647857
21.199859142303467,0.2843571127999955,0.047408028476282664,0.009529591431209765,0.2884394249696168
21.24981951713562,0.2834448913731901,0.050287995394690234,0.009902661929753668,0.28804157970624816
21.299877166748047,0.2664366299189589,0.04644256822445071,0.00891018392369174,0.27060077842350905
21.349836587905884,0.27282599037710964,0.049350373788258683,0.009436340773700088,0.277413995583296
21.39985966682434,0.2673400279808098,0.05214742878451914,0.00929827350770857,0.27253715853043015
21.449874877929688,0.28035072310737463,0.05629968168576812,0.010557440497748151,0.28614269456795527
21.49987268447876,0.28759796532097937,0.05869535524013461,0.008895157307981957,0.29366112818530576
21.549829483032227,0.28333732411939105,0.05509276240481188,0.008471275813980434,0.2887680976535435
21.59990382194519,0.2808992645952763,0.05186925737696483,0.008565392778566513,0.2857764557559912
21.649832487106323,0.28935856196143106,0.05214640346734817,0.008581964737306158,0.29414498957779167
21.69988751411438,0.28842443896221776,0.05217517304664156,0.008717413910447712,0.29323522806512037
21.749844312667847,0.2909282205538645,0.052383974327690756,0.008463529942284538,0.2957278167844313
21.79987382888794,0.29901938336230677,0.05553377276509225,0.009239175077068605,0.3042728280671868
21.849826097488403,0.3138979895680217,0.0559883284799566,0.009704860722957261,0.3189997258658342
21.899853229522705,0.31120872544843714,0.061173781250517104,0.011255603075341609,0.31736381474313746
21.949894428253174,0.31695929602777523,0.058002062576804556,0.011534471609139096,0.32242902883718216
21.999878406524658,0.3384359199989991,0.05951132723376405,0.012522498936674512,0.3438564860436866
22.049867153167725,0.3290510739655971,0.05771607829102969,0.011153130151604693,0.33426059786248774
22.099868535995483,0.3431926778092607,0.05929670703751773,0.011123230846448168,0.34845521926331885
22.149876356124878,0.3378124099796566,0.056267284770824405,0.010449546057687576,0.3426257793636614
22.19985032081604,0.3055571376274673,0.04572863911345091,0.008601524126217907,0.3090796968543115
22.249857187271118,0.30149609365912505,0.04549044534595807,0.00875034892135335,0.30503416811191975
22.299842834472656,0.34003988246133343,0.05216308239955947,0.009356020012472748,0.3441448008327519
22.34984517097473,0.3587311928316628,0.0517263197424606,0.009329190022333594,0.3625613253657921
22.39988899230957,0.3599408242216038,0.04949490441356035,0.008502604999016804,0.3634273473419471
22.449856281280518,0.37608609108741803,0.05637771300910975,0.00766545642735332,0.3803655526671558
22.499845027923584,0.3777929742542892,0.051554094133830684,0.007326864789538448,0.3813647059777636
22.549860954284668,0.35869474706595955,0.050150532311568345,0.005778234509642257,0.3622297412663609
22.59982132911682,0.34990152829799975,0.04849390404376195,0.005185901590427357,0.3532840667366519
22.649897813796997,0.3598138337597677,0.04708933350390717,0.00486251435319372,0.362914651592601
22.699918270111084,0.3420212941181884,0.045717774572323885,0.005368329506954026,0.34510505574943606
22.749932050704956,0.3617742118434447,0.05200603295110657,0.00614046960976977,0.36554468014906977
22.79985022544861,0.37218923006164667,0.048797097273885204,0.005439599792158442,0.3754138635188333
22.849869966506958,0.35695294610060085,0.04500742994111657,0.004885522236998945,0.3598123716707517
22.899873733520508,0.32563522716648713,0.040938976683238,0.004788218080317836,0.32823349618225295
22.950474739074707,0.31769577349203937,0.041185368981693886,0.004132408652700409,0.3203808919304277
22.999860048294067,0.3228076846819662,0.04191380323616337,0.004864829747779241,0.32555373559510326
23.049859285354614,0.34003954506516576,0.04394777546823734,0.004844745827223277,0.34290198415707934
23.10001564025879,0.33820479694390404,0.04071843191257737,0.0036545104558404914,0.34066674451721646
23.1498384475708,0.35052100376658124,0.04463329017668693,0.003387407076673291,0.3533674846391941
23.200047492980957,0.3618996616962005,0.04328108759135204,0.0030313672613449575,0.3644911615751304
23.249910593032837,0.3749286736275262,0.046247519425362295,0.003577921238613335,0.3777871687623668
23.299946784973145,0.39834065609333913,0.04693320303548436,0.0036551991878145573,0.40111265789693606
23.349855661392212,0.404213452563594,0.046754780737383324,0.003987356701845105,0.4069280326650517
23.39988684654236,0.39803668561430205,0.040496731705156386,0.004158777950717873,0.4001130887732386
23.449851751327515,0.4111183002348819,0.04087521373888633,0.004424248679203872,0.4131689894735489
23.499855041503906,0.397610604451576,0.041456981544880256,0.004437382361523279,0.3997906507828597
23.54988932609558,0.39393865229623715,0.04236221426840255,0.0033041222451539536,0.39622359368733784
23.599907159805298,0.42223237059373486,0.044756794962774155,0.00526106403945329,0.42463045612317085
23.650275230407715,0.4352654135032229,0.04507297139330915,0.005572606053337037,0.4376283890249573
23.69985318183899,0.4381555475381156,0.045989757252211876,0.007085500945327252,0.44061950244421716
23.74985122680664,0.43970679515277394,0.04841556188285696,0.00875144303662099,0.44245081092837824
23.799842596054077,0.44268278143132656,0.04706841378259707,0.009062228205705113,0.44527026010260073
23.84985065460205,0.4208599407554413,0.038663302334223396,0.007886820811015719,0.42270573999245176
23.900195598602295,0.43046734747727433,0.04469903126401635,0.008043830271637326,0.4328566088735401
23.950329542160034,0.43593696170210094,0.03547884069850596,0.007897359622338956,0.43744959824461327
23.999878644943237,0.4354906182822601,0.039086680297316476,0.009116761756830717,0.43733621223660474
24.049896240234375,0.4218747773009858,0.04777161858905777,0.008504223826903658,0.4246560691763075
24.099844455718994,0.4219445679139255,0.04526118148165268,0.008967784843496087,0.42445990871480854
24.149884939193726,0.441938623197567,0.04639733145965134,0.01042065721857847,0.4444896502025722
24.199875831604004,0.4433806808798413,0.04972766561267496,0.009746426709470162,0.44626702963400816
24.249864101409912,0.45332126540347834,0.05250866840282349,0.010780500249879827,0.4564795166380264
24.29981541633606,0.44129793210821916,0.05054963114828464,0.009882940254419284,0.44429359954909375
24.34986162185669,0.43394853136796235,0.049389696498018436,0.008443250634816546,0.43683172787454455
24.400047063827515,0.4427564014491013,0.04963834433770088,0.00903088288884161,0.44562176012678945
24.449855089187622,0.4304685416594349,0.05194530563250373,0.007289196806004954,0.4336526403998153
24.499841451644897,0.3926188100083759,0.04183125595400462,0.006687554054505042,0.3948975909350607
24.54984760284424,0.4030745445205918,0.04217084604556021,0.007212567440311137,0.40533873467232556
24.599887132644653,0.3767618905023187,0.03708937484505546,0.006901927584495401,0.37864598303119473
24.649842977523804,0.354223584041312,0.034686577734957445,0.007077408540160686,0.35598819626173
24.699839115142822,0.3629095735403005,0.040581757603137085,0.007286726055328977,0.3652442114448468
24.749889135360718,0.3782472651752803,0.04333352815973862,0.007786218807211882,0.3808010155956303
24.79979372024536,0.3752525377624652,0.04346337706161932,0.007140651313240521,0.377828692854246
24.849854230880737,0.38372295192020095,0.0449414175457968,0.006778160220827429,0.3864051996251574
24.899935960769653,0.38001255952155893,0.043208256819416035,0.005917424699474142,0.382506881985897
24.94987392425537,0.35583635660523877,0.04365775529049841,0.006464041046768532,0.3585628203059403
25.000164270401,0.3414263920537705,0.041448691269427976,0.005110489779054195,0.343971063179136
25.049851894378662,0.3133108428493481,0.03679348395575585,0.003220233211005301,0.31548029195261096
25.099857568740845,0.3124134691536995,0.032324827025432226,0.003121779265910017,0.314096825289048
25.14996099472046,0.30120046013714086,0.026075654526105992,0.0023880390607016783,0.30233650073443935
25.199936628341675,0.29371901612518014,0.030789014364970932,0.003649912906659034,0.29535088573311646
25.24983239173889,0.30356322281718573,0.031844990317827324,0.0034855382221516623,0.3052488863733936
25.30005979537964,0.28678819598846655,0.03228778685470684,0.0033901655181990693,0.2886199295969266
25.349833250045776,0.3058422609051214,0.02975927764173821,0.003207156857422059,0.30730341523716026
25.39982008934021,0.2891820639978889,0.0281974164969677,0.003351423213725079,0.29057286947122246
25.449859380722046,0.27539932125464833,0.027593142321772148,0.00165042233362741,0.2767831128240845
25.4998779296875,0.27201089698009223,0.0313211195481218,0.0017871308175228483,0.273814050848785
25.54981231689453,0.2593906516508089,0.03215743990541105,0.0016317550056986067,0.2613814716645004
25.59994149208069,0.26640790231402345,0.03680242889412166,0.0019427385099352033,0.2689449077799822
25.64979386329651,0.28025639042752193,0.03509040191585179,0.002236691589820305,0.28245350674287545
25.699854850769043,0.28718315074888556,0.039596110380889254,0.0019047039286321427,0.2899062640378928
25.749818801879883,0.28694242332456094,0.04098317734957134,0.001841855312292161,0.2898602552265994
25.80002784729004,0.3018239257590578,0.039399327206965595,0.0006903066082805438,0.304385390037341
25.849891901016235,0.27991857678768384,0.03677577789896017,0.002037300223588582,0.28233139758644826
25.89991569519043,0.28445321294707043,0.032645503575516044,0.0017831030847130468,0.2863259309182826
25.95074772834778,0.29097335057784923,0.034490199108321885,0.0026618459482497282,0.29302243942210954
25.999972820281982,0.2776921505029305,0.031978008379440113,0.0028644506537980423,0.2795419978257396
26.04986882209778,0.2866587766664946,0.02882232182117761,0.002342532012898473,0.28811363718388305
26.099859952926636,0.2896584887212834,0.027574730726205195,0.0030190523583329674,0.29098371181229876
26.149898052215576,0.28822229737961763,0.026395700750699292,0.0028653104136176265,0.2894426294253692
26.199808835983276,0.3004442556518109,0.0278260542028827,0.0038048512713171343,0.3017540669814896
26.25001311302185,0.3175572579401985,0.03174077655617528,0.0036581037764884107,0.31916057195419106
26.2999165058136,0.3019132114228576,0.030732233996763357,0.003912592844610763,0.30349854335871634
26.349868297576904,0.33170203339150944,0.031306975788014224,0.00402128394481592,0.3332004447980497
26.400034189224243,0.36617346664686046,0.031401865828985506,0.004463146853739432,0.36754456128959256
26.449848413467407,0.3542410757235088,0.029812392744277664,0.0047719706973705835,0.3555253720836592
26.499826669692993,0.3479705220601843,0.0365567489336201,0.004075877180989143,0.3499092637959553
26.549842596054077,0.34260624959392205,0.0342262599925996,0.00428635386906467,0.344338281292372
26.599793434143066,0.3472243771626292,0.033822778438086024,0.004161949155425027,0.34889263428456035
26.649869918823242,0.35420767232073763,0.03833370233947656,0.004195249561308168,0.35630064269491335
26.699860334396362,0.3512715674208141,0.033761529410014285,0.004186993755016676,0.3529151255799096
26.749858856201172,0.3290079614533657,0.024348622715581688,0.0038825713119576824,0.32993055100708324
26.799906969070435,0.3158289803599094,0.02767863379655592,0.003947523718217128,0.31706408586834584
26.849853515625,0.32007242197944274,0.024890326306529886,0.003257691338047047,0.3210552852832141
26.899847507476807,0.32903084363145774,0.027356694332368862,0.003926337497436531,0.3301894924308877
26.95024871826172,0.3298867963310791,0.03172455575662475,0.00360406002553288,0.33142832570588426
26.9998459815979,0.32368893373199553,0.034164412969663924,0.0036267623366355623,0.32550712179484553
27.04988670349121,0.3291667617956067,0.034237811071943555,0.003987009186234732,0.33096658595733636
27.09985876083374,0.3209810876425989,0.03366505044748799,0.0021112495355550343,0.32274858887446595
27.149873733520508,0.29359759012230136,0.028539879419591595,0.0026386648578684197,0.2949932748303592
27.19988226890564,0.2889228639781857,0.02713503632977399,0.0016773253292039583,0.2901991470460162
27.249849796295166,0.3247340832156791,0.032763381737019356,6.950868908598716e-05,0.32638270299792405
27.299867391586304,0.3327308327605,0.03511109281267099,0.0007356237505569798,0.3345790445474704
27.349891424179077,0.3356865416818628,0.037596955440932556,-0.0002320807595427305,0.3377854928593521
27.399897813796997,0.3232743510864716,0.03790685802806782,-0.0011669205227070295,0.3254913173334209
27.449845552444458,0.33472045089463587,0.043318962128198725,-0.0022259512852313237,0.3375192847617701
27.49983549118042,0.32896864899183953,0.04211390841591537,-0.0018926530293505463,0.33165876354631385
27.54984974861145,0.3306277851136145,0.03944659712080617,-0.0021970431684431033,0.3329798692297023
27.599924087524414,0.3314375539358763,0.042785684477230045,-0.002119650434610694,0.33419449407964064
27.64990472793579,0.31127815645062706,0.04238117236742942,-0.001703657938751933,0.31415467035349176
27.699928522109985,0.2970718824080911,0.04347194312628672,-0.002802046586180431,0.30024883783577405
27.74989628791809,0.2933715962665007,0.04654951393789841,-0.0026507738563566067,0.29705349239799694
27.79984211921692,0.2831823942385309,0.04907591647096477,-0.00213648737545036,0.28741134035113736
27.849945783615112,0.28096691491259856,0.04646828755139968,-0.002200837497928747,0.2847921219225617
27.899975538253784,0.27723165224055224,0.04436325207272146,-0.0029371820444616683,0.28077413373894794
27.9500789642334,0.25340718993502187,0.04306330637445336,-0.0017218146272118156,0.2570459431935754
27.999839544296265,0.2485721419435514,0.04151963706702563,-0.0022305257466365093,0.2520257234047529
28.049899578094482,0.2780895923025076,0.045107358366786914,-0.001825198171741065,0.28173005958571545
28.099871158599854,0.31960221272256956,0.05571221780249654,-0.0009745433003902271,0.32442314239936665
28.150424242019653,0.3254809801153989,0.056142412798004616,-0.0007178105176160152,0.3302882895041867
28.199855089187622,0.3478933982993227,0.0618014028837082,-0.0008335200638297966,0.3533410883754427
28.249820232391357,0.31705967362682386,0.059594319438346186,-0.001805132348515178,0.3226167665395947
28.299803733825684,0.3245253033130703,0.060399874260261534,-0.0018831996416358997,0.33010356517612155
28.34983229637146,0.33630457082416737,0.06122460981540891,-0.0010068009591959965,0.34183363037075204
28.399966716766357,0.3820309678878947,0.06452493296871126,-0.0005651112782521566,0.38744218504279465
28.449837923049927,0.4046129586276164,0.0727995416930981,-0.0007156238419023779,0.4111106075955733
28.499835968017578,0.39244266448116955,0.07043187831991468,-0.0017521189955803803,0.3987166466423565
28.54985475540161,0.39116538395104167,0.06724984974358778,-0.0003542894165839777,0.39690430258828346
28.600666046142578,0.3853863114779264,0.060797866296873136,-0.0006509598475704535,0.3901530640268469
28.649839401245117,0.358533447364997,0.055301564341319664,3.2606312289187354e-05,0.3627733410287997
28.699836254119873,0.3470120909238606,0.05276508751291911,0.00023134221323177322,0.3510008535984141
28.749855279922485,0.3549121553105271,0.05850302089041604,8.486032702168378e-05,0.3597016105631768
28.79982304573059,0.3376754954443067,0.05241125924044235,-0.000609250608518755,0.341719258317454
28.84981060028076,0.354050766227146,0.05183550826137214,-0.0004751132925440127,0.3578255031651387
28.89988422393799,0.3608597097942405,0.05445426168772256,1.2165887285324488e-05,0.36494519714163554
28.949872970581055,0.3848307461733615,0.06460285255746084,0.0011668459657038807,0.39021736671810864
28.999780416488647,0.39922847752095475,0.0697719830683055,-1.0555086750610488e-05,0.4052795417935542
29.0498263835907,0.4027970873843699,0.07065673876341075,0.0005456413211866402,0.40894763242066096
29.09981679916382,0.411121224062128,0.07037771179169358,-0.0005187362106570584,0.41710184880749857
29.149945735931396,0.42628546729257916,0.07433068791287634,-0.0012907033015301485,0.43271932786214506
29.19996428489685,0.42977706170467905,0.07512935472306677,-0.0004942086666959727,0.43629461027019134
29.249847650527954,0.427856618306972,0.07549223080260717,-0.0005436039982448033,0.4344659460141139
29.299893379211426,0.4191340715763738,0.07476944728351168,-0.0006729714425980553,0.42575144520463254
29.349854707717896,0.39789058771154484,0.06880820609912153,-0.0008287385850087356,0.4037971964039127
29.399900436401367,0.4085977439920568,0.06907325572049038,-0.0009660347822344892,0.4143961441355688
29.44984006881714,0.3903546013347553,0.06058111128647662,-0.00022823330943328666,0.3950276419674498
29.49984121322632,0.3836224922857915,0.053740656091126736,-0.0014884313879772535,0.38737125620348195
29.54984474182129,0.39907145151409995,0.05585228684295347,-0.0018688848243510745,0.4029652517148903
29.599847555160522,0.4024024235066481,0.054073514758987265,-0.0006513306653869916,0.4060198020713397
29.649879455566406,0.3838160865044448,0.05470702814905818,-0.001161312973510231,0.3876970413045626
29.69987678527832,0.35847122481997734,0.05407201878838832,-0.0003212862220705899,0.36252655828866254
29.75146770477295,0.3517987812558387,0.04956521960780824,0.0006734453468439223,0.3552739042154643
29.799831867218018,0.35088398152436023,0.05114573922395258,-0.0001524385891818361,0.3545919885850153
29.849881410598755,0.35006319359710986,0.05182152224793167,-0.00032643615249498814,0.35387825058918515
29.899861574172974,0.3546651471101254,0.050875584770155496,-0.0007615890681331002,0.3582963462251058
29.9498872756958,0.34424117913857016,0.04952870936470265,-0.0019978934822288607,0.34779171071837334
29.999834775924683,0.3209850328317051,0.04521614402884445,-0.0014608465113323597,0.3241574078365905
30.05004072189331,0.2952535389967719,0.0399930774635808,-0.00253056678774842,0.2979605717261825
30.099842071533203,0.27439314302692325,0.03608625133389435,-0.0023708066758145923,0.27676602970708064
30.149900197982788,0.2643491638235706,0.03879142209332862,-0.003098704113756939,0.2671981601909496
30.1998872756958,0.27886177469972867,0.042072824139180245,-0.0042673087244452035,0.2820500342908654
30.249871492385864,0.2624472009295925,0.045232305576697655,-0.004546347471098345,0.26635533412884677
30.299827575683594,0.2501812422098212,0.04784001645304682,-0.004802958216157564,0.2547594738876322
30.349866151809692,0.2567244244966929,0.04519386644808321,-0.005674240425739879,0.2607337966242475
30.399815559387207,0.2669995842232192,0.048753590883593434,-0.006504356527383505,0.27149216794090403
30.449854373931885,0.2901438468523406,0.05336790333694716,-0.007404032708053215,0.29510405736485246
30.49984383583069,0.29878801056461923,0.0542560215994925,-0.007190054797969283,0.30375925998225206
30.549846649169922,0.30101115192010974,0.05856945520165752,-0.007391828457328763,0.30674538919245864
30.59991955757141,0.2901679878319461,0.05868328726280018,-0.00736591838673338,0.2961341691194867
30.64986777305603,0.30191642100640587,0.058566939770484314,-0.007151289430151665,0.307627620099221
30.69985556602478,0.2851787112259412,0.05533600222978641,-0.007390834102114334,0.2905918011713143
30.74985408782959,0.2774224466990097,0.0497850256859155,-0.006410939013770032,0.28192705236293025
30.799854040145874,0.24386078709219206,0.04020846074824332,-0.005532010154752884,0.24721530481205797
30.84983801841736,0.22704737113893753,0.039906476767070334,-0.005495492090367169,0.23059322640177107
30.89988946914673,0.22739503214488674,0.03972548228389157,-0.00500015422141212,0.23089308376194329
30.949931144714355,0.20812213527985973,0.03716175668171094,-0.004788531731088156,0.21146808125402414
30.999934196472168,0.23857044703127214,0.03847985263246226,-0.005350921426356437,0.24171303153828524
31.04986333847046,0.25695063575657534,0.043163709491921214,-0.0060787259507974175,0.2606217296044137
31.10037875175476,0.2711334459289204,0.04532929842987335,-0.005840483297586951,0.2749585460439168
31.14984631538391,0.2748750706640819,0.047759661247660984,-0.006284983447070807,0.2790641337255745
31.19982147216797,0.2647325433402792,0.04762844117795268,-0.006047922016121957,0.26905086001194567
31.249839305877686,0.2584049472787992,0.047363221680499466,-0.005578676822157549,0.26276893496226145
31.299903392791748,0.2835277460727194,0.052578777339997114,-0.005165002211968469,0.2884080232370367
31.349873542785645,0.2793783826590375,0.049689236210796454,-0.005076612453406694,0.2838081621208136
31.399879217147827,0.2822530952198901,0.04943865720939659,-0.005420254133986773,0.2866014126670585
31.449835062026978,0.30756259067538777,0.05479815627791924,-0.0058203783856288875,0.31246033655324523
31.499828577041626,0.32362058352108325,0.05854190976935606,-0.0061119260793379955,0.32892976897564186
31.549827098846436,0.2969607978492094,0.05171769770366482,-0.006051945902829286,0.3014913958377875
31.599833965301514,0.25875690205545765,0.044228258847528235,-0.005200176652058884,0.26256106923768097
31.649924755096436,0.2880909713105862,0.04433314344764201,-0.00579677461003925,0.2915397707938075
31.69984459877014,0.2881119359709659,0.04971296401615332,-0.005496486399560229,0.2924210625159375
31.74986958503723,0.2913423144040458,0.05062499860122591,-0.004648954305127668,0.29574456448396674
31.79983615875244,0.2689198665320108,0.049515604920738365,-0.005379382249890556,0.2734933774328943
31.84983539581299,0.24576301749516447,0.04883034425911658,-0.004074833336705089,0.25060021459590626
31.899933099746704,0.2318227294387161,0.04642880409165391,-0.0036005735056231576,0.23645374994566432
31.94982075691223,0.2156201181307939,0.040895189173783514,-0.003154438481567637,0.21948667914575373
31.9998140335083,0.24355717249546655,0.04681924660582212,-0.00431477791999216,0.24805393654449848
32.049827098846436,0.25805644237138187,0.04532444336786356,-0.004027211880235334,0.2620374993231108
32.09976243972778,0.244779702828694,0.041947688886912124,-0.003669295719450039,0.24837506970493975
32.1498908996582,0.2462181287495851,0.04558049888908105,-0.0037500971257229147,0.25042965485816
32.199817419052124,0.24496662149629778,0.04375531424427491,-0.0032387091409144426,0.24886474721990076
32.249836921691895,0.23318730317510336,0.038307806930081935,-0.0034250476200729852,0.23633776123393777
32.29984974861145,0.233714110497703,0.03855159787828257,-0.0033977997399618513,0.23689672050869387
32.349908113479614,0.22356292285252627,0.035041749690323414,-0.0025924168454298908,0.22630736912620492
32.3999547958374,0.21052848698245683,0.033315517520272994,-0.0036037977297824772,0.2131786924081375
32.44986128807068,0.2245044668193415,0.038248190455359,-0.0033436276949234834,0.2277638240395267
32.49984931945801,0.22310454736581994,0.03665407458821869,-0.002915654641282125,0.22611426598340345
32.549805879592896,0.2369136465380249,0.03624221927659845,-0.0037068439467189077,0.2396983835283054
32.59982943534851,0.2295550369426729,0.03514404743776677,-0.003570632582970546,0.2322571171635059
32.65044164657593,0.23536080023559536,0.03505776710715763,-0.0026924007159468116,0.23797269243275532
32.699798822402954,0.22174149422552186,0.03352270727604117,-0.00274896356358105,0.2242779948304251
32.74980711936951,0.21682766579500432,0.033749722552778735,-0.003628594115210479,0.2194685561116958
32.79996728897095,0.23170857252030166,0.03623195328480671,-0.003958572525477838,0.23455764177418686
32.849802017211914,0.25929073368242267,0.0402711701571052,-0.004664842216701041,0.26244087424084356
32.900047063827515,0.24922928879767212,0.03433924561760751,-0.003966590821749967,0.2516150949901993
32.94981646537781,0.2675017014439918,0.03396987119301947,-0.0043533767512580306,0.2696851206749072
32.999836683273315,0.261978398316194,0.03173337345749884,-0.0046266810786448065,0.26393388254090266
33.04983973503113,0.25964633478029453,0.03213292644250665,-0.00413416133330543,0.26165977034410565
33.09983944892883,0.2770733760356662,0.036237596314975765,-0.0037824244128398903,0.2794586299059803
33.14990425109863,0.3036592722411372,0.038308319254497285,-0.004507769877630268,0.3060993318048755
33.1998074054718,0.3003910189020946,0.04209090039819257,-0.004230068835871358,0.3033550751441705
33.25032186508179,0.31888777028148363,0.04944175889270551,-0.003158522111634154,0.32271329972505064
33.29980778694153,0.3423780266792572,0.05850668684650218,-0.0031568629140147214,0.3473553099378138
33.349836587905884,0.33426221746921786,0.059749030472859184,-0.003217355254559598,0.3395755115504052
33.39984083175659,0.34708908713589803,0.06539563552839668,-0.001814299813194744,0.35320067276097605
33.44983124732971,0.33845836513063493,0.06364404105049647,-0.001940681963550193,0.34439569558085814
33.499857664108276,0.3686334028918463,0.07163856904208249,-0.002340671668814773,0.37553714735812843
33.54982399940491,0.3492143745868382,0.07295044886303209,-0.0020508352792010303,0.3567585364539114
33.59994411468506,0.34308702340657243,0.06749906825591417,-0.000596610846391659,0.34966439022282575
33.649998903274536,0.2952101816521383,0.060449150281856365,0.0007349373869839615,0.30133650833221276
33.69981241226196,0.28905651925275466,0.061584408091462865,0.0005143358345268793,0.29554454010156345
33.749868869781494,0.29122359692185856,0.06510863079656408,0.0011372054229305535,0.29841516456856276
33.79981732368469,0.3069073239463555,0.06393088006609723,0.000926021023642115,0.3134966035428058
33.84981036186218,0.34783022334157837,0.07483627903336053,0.0006445279823859846,0.3557903151376262
33.8998703956604,0.3657994590405942,0.07959641674442153,0.0008178230749408156,0.3743601242487304
33.94984745979309,0.3920208872487752,0.08209596232931621,0.000909009691693433,0.4005258410748463
34.00019288063049,0.38977044361356844,0.08340428784301454,0.00047690303783518104,0.3985944071130776
34.04984188079834,0.40364641147380753,0.08303300909888398,0.0009357342721789238,0.41209923767743833
34.09984230995178,0.396176316732835,0.0858024508962446,0.0006825919472615908,0.4053618142493993
34.14991545677185,0.3795353991731217,0.08130248348235208,0.0013478147773642432,0.3881482057804377
34.20003962516785,0.37930989556480793,0.07625007582072157,0.0005304180667759853,0.38689837461454507
34.2498414516449,0.38519540358450105,0.07875351221162324,0.0015125673625430499,0.3931665073328591
34.29984498023987,0.42292104583299717,0.08837715371932262,0.0006289872013003577,0.43205685729184334
34.3498260974884,0.4160211886344088,0.0885889033268262,0.0010051096983837095,0.4253500128493496
34.39981722831726,0.3989352755799088,0.08615412113639784,0.002822504561011964,0.4081419522945416
34.4498336315155,0.387046552075725,0.08402700930194086,0.0027352669936143276,0.39607203063516333
34.49980115890503,0.3868857652030082,0.08068509538437864,0.0024747807617373024,0.3952174141832849
34.549845695495605,0.39001221870196545,0.0767339810472415,0.003184756414433484,0.3975019210741093
34.59978485107422,0.38522916594418294,0.08387055981534747,0.002923422114117643,0.39426428635453137
34.64986562728882,0.4027290941746623,0.09003278847162209,0.004500377944424721,0.41269465673347716
34.6997971534729,0.3939195821654531,0.08175188680607355,0.004349967210464773,0.4023368370215314
34.74982833862305,0.38169593383615635,0.0765826749431009,0.004592535428500067,0.38932991586848054
34.79981732368469,0.3758872288843114,0.07320927716421807,0.005032018341160022,0.38298319585827756
34.84981608390808,0.3867389095937612,0.06902447650509204,0.00502247240689067,0.3928824096083348
34.89982032775879,0.37482196440942295,0.06705161920733993,0.005881446100084159,0.38081756268624617
34.94982957839966,0.37983527379361026,0.06729715389265005,0.006637733152078695,0.3858079854556099
34.99985122680664,0.38368546782301427,0.0731703498520861,0.006195072375587077,0.39064922531317114
35.04982948303223,0.3732584255242389,0.06713755672362298,0.006799587308965473,0.37930929086330556
35.099958419799805,0.3472725633004932,0.06312273928660707,0.0062545085486519335,0.35301817561355847
35.14985704421997,0.35114397361701416,0.06909543255070108,0.006467342700102823,0.35793588186784986
35.1998131275177,0.36512128811010863,0.07058305316846343,0.007163100188636968,0.37195004023400713
35.24982666969299,0.34624186144262076,0.06136381114941064,0.007579265524736089,0.35171919083258163
35.29980540275574,0.3522023531078496,0.06077915494036128,0.007344647670229676,0.357483631876161
35.34984040260315,0.33853878697003775,0.059380698595315994,0.007917241753774132,0.3437982844136952
35.39982557296753,0.3097330299481749,0.05630090955669609,0.007713457884399329,0.3149029051792357
35.44982624053955,0.29594134044319936,0.05300177880362195,0.007183984927446403,0.3007358894098
35.499839067459106,0.30904209118641884,0.056442809515578375,0.007463254401418924,0.3142427485832362
35.54982328414917,0.2736326758591244,0.053380024699348494,0.00631013581815288,0.2788621274909363
35.599897146224976,0.28402460785342776,0.05812801825884139,0.006329684540375246,0.2899808774374171
35.649919509887695,0.25743912314708534,0.05158682263026795,0.0054629922954277516,0.2626136833461783
35.69982671737671,0.2561837016711973,0.05519960292709567,0.004975166751441292,0.2621103535716792
35.74987483024597,0.28482064576189625,0.05553421627872444,0.005961705572364038,0.29024539852209075
35.800084590911865,0.30737825593087015,0.061395457274840304,0.006640739559762801,0.3135201649256246
35.84980607032776,0.3291487878712497,0.06623265114918162,0.0075015775503222,0.33583025816788104
35.89981174468994,0.336482104740121,0.0663616316669831,0.007034674009698756,0.3430357993071114
35.949817180633545,0.3399572110279292,0.07170428281408378,0.007515680848994798,0.3475181937142199
35.99982452392578,0.34237962994272725,0.07474690060332459,0.007851071499228524,0.3505318095026586
36.049872159957886,0.3395907300381831,0.0706575056332618,0.008615875690413825,0.34697057561714545
36.099848985672,0.3416858733866378,0.0715963881865786,0.007676124337320623,0.34919078131903014
36.14984083175659,0.36087374118127535,0.07599679770081627,0.008707940114349368,0.36889185211384656
36.19984698295593,0.36459624986561484,0.07803141925287913,0.00945781331373133,0.37297289182910576
36.24982213973999,0.3322581017338864,0.06772926765344323,0.009120609712007878,0.3392136279488136
36.29982805252075,0.31611080560326366,0.05890176521259235,0.00893087594135167,0.3216756439480358
36.34985542297363,0.3452117023491961,0.06390452289568811,0.009630288060781506,0.3512088409102042
36.39985132217407,0.3408339752684798,0.0661292612838815,0.009242151514194467,0.3473129644281623
36.44984579086304,0.3389495194615158,0.06740934742189308,0.008603813748262575,0.3456946954670446
36.49982452392578,0.3366317267066874,0.0654420576536707,0.008607170723323272,0.34304178422363163
36.54988503456116,0.356892529502762,0.06839645497514729,0.010008434731038317,0.3635251317774504
36.59985566139221,0.3645169052161551,0.06953748250739115,0.009471273747297898,0.3712111807155401
36.649821043014526,0.36104250486122724,0.07405490195985666,0.009962066525605936,0.3686937232856207
36.69982862472534,0.38057067353057206,0.08022028893552444,0.011265563048657076,0.3890967041998885
36.74994611740112,0.37617535023771503,0.07798161004064734,0.012495314323921846,0.38437632407713773
36.799824953079224,0.3520634752489144,0.07528042422717118,0.012101245420460748,0.36022530868456765
36.84986853599548,0.360181881633942,0.07601540458386206,0.012458511257220105,0.36832668121405693
36.899895668029785,0.3632999967817241,0.08038080804160863,0.013259660789842951,0.37232214622190335
36.94982290267944,0.34786885170236137,0.06876423712485888,0.011713911140417468,0.35479356533946454
36.999835729599,0.3319319856967936,0.06777458225174812,0.011327499982385431,0.3389698355073299
37.049861669540405,0.29779337038928216,0.06814940957588957,0.010408198383533481,0.3056690433572584
37.10021114349365,0.28238878213293983,0.06425708885363438,0.008717281185122985,0.28973848334960495
37.14985489845276,0.28183335197980364,0.06121447684174031,0.007546618564730238,0.2885033828483496
37.19983124732971,0.27410282715309925,0.06106481703000012,0.007740112018587332,0.28092913887008847
37.250571966171265,0.25731503514361026,0.061857162602671496,0.007794575445917417,0.26476044130986187
37.29994606971741,0.24458241604286032,0.06189873530582889,0.008154567965195729,0.2524252535871221
37.3498330116272,0.23714634176175461,0.05821156084565947,0.008415553127188636,0.24433132169557667
37.39987778663635,0.2251259475275697,0.05289580449222206,0.00891778618614538,0.23142857492869642
37.44987344741821,0.24578048540084044,0.057544457102331484,0.010662092196686948,0.25265211607482224
37.49979829788208,0.2463007731590341,0.05629846224551504,0.010820875057831374,0.25288471493343534
37.54985451698303,0.2551183414195535,0.057959763672810964,0.011034726760002651,0.26185199546373494
37.59983825683594,0.2665929008484073,0.05991295726697488,0.011863538516948012,0.27349969063490037
37.64982604980469,0.26525865965395296,0.054995613984632735,0.010578153984014621,0.27110619952459203
37.69978308677673,0.2803863457817055,0.05589908956336968,0.011086778790386276,0.28611907971818085
37.749810457229614,0.2654147753396381,0.05096429358809722,0.010234808410157453,0.27045723043157294
37.799837589263916,0.26896146881676525,0.05262534627361406,0.010900359832398567,0.27427817379982194
37.84987449645996,0.25575589872314497,0.05018744503545869,0.00936469422497474,0.260801757794686
37.89980721473694,0.2766450528619738,0.05038255374673012,0.01069106811733021,0.28139862461024184
37.95000123977661,0.315608215590167,0.05599890526005735,0.012013161911778932,0.3207627459625772
37.999844551086426,0.31598244380242424,0.06034349523311366,0.011764653037886806,0.3219078272881895
38.04980802536011,0.31695728056312344,0.06058332288944145,0.011924374078057211,0.32291554222652447
38.09982347488403,0.3190770918196593,0.06105741042133575,0.011679967370407981,0.32507632877406584
38.14994668960571,0.30000223808353016,0.06095663905143147,0.011491702788939068,0.3063480274664143
38.19980597496033,0.30185864890414826,0.06332459255567192,0.011948900934283847,0.30866069424874465
38.24981498718262,0.3233645716314521,0.07045249920790804,0.012987387501442012,0.33120518272687915
38.29981803894043,0.3387532870632465,0.07316218727885525,0.01448822974591473,0.3468665506282654
38.34991979598999,0.32582692987284023,0.06818561080258582,0.01401838152654263,0.3331801026044415
38.39995574951172,0.32839273048933254,0.06369326127030746,0.013993056102455935,0.3348050516174652
38.44987630844116,0.33681706401542644,0.07270562312301856,0.013976814309456626,0.3448582224391921
38.50011897087097,0.3382959986115821,0.07335696065128411,0.014671620594275368,0.346468877106536
38.550370931625366,0.3553041911958576,0.07705982089681275,0.016010846305539544,0.3639170667575389
38.599853515625,0.3481269470777507,0.07124115455523394,0.015501815113686018,0.3556796025299408
38.64982557296753,0.37175518795872875,0.07301629909866258,0.015291285867550937,0.37916635284763633
38.69979786872864,0.34955402398038576,0.07014405711274939,0.0154624174906861,0.35685752168585855
38.749842166900635,0.3346185206776181,0.06602756666067439,0.01468055720559831,0.34138645652614014
38.79984760284424,0.330587410965183,0.0630999822879744,0.013942251063468334,0.33684422277682347
38.8498477935791,0.35382642005690285,0.06221436115231326,0.01615939862665018,0.359617697601007
38.89986443519592,0.34390783081718695,0.06366693145896955,0.015821100517307254,0.350109099396692
38.94985628128052,0.33439171885814123,0.05980715559322074,0.013608722439802967,0.33997046169850914
38.999828815460205,0.35756835998704056,0.06742110924212845,0.013688794771052526,0.3641265180367187
39.04979157447815,0.3523462835975781,0.06964405831805162,0.013867544152488373,0.35943081003839156
39.09984993934631,0.35923200862130666,0.06935462011838117,0.016080759508973096,0.36621891018385294
39.14985108375549,0.3751918364374928,0.07608307845723501,0.017293592824587287,0.38321875907848085
39.199851512908936,0.3929822209958442,0.07723841675986147,0.017956358622906506,0.4009030180198086
39.249855756759644,0.3693804303014895,0.0740403101552062,0.017824959043205347,0.37714930595519414
39.29983115196228,0.39109975606610364,0.0813757168420426,0.018278771058554605,0.39989391087878934
39.349873065948486,0.4107429799546881,0.08153264147442095,0.018972293184328814,0.4191864920492142
39.39983081817627,0.3793428470488904,0.07704674917208938,0.016115039330411057,0.3874234010198214
39.44980049133301,0.36548478473728796,0.07258037869649664,0.01616055106129131,0.3729721204819379
39.49992847442627,0.3743746590697409,0.07889640434149889,0.016496273441050324,0.38295320211357925
39.54984211921692,0.39371578570466714,0.0805827300957879,0.016154183696357335,0.40220225503299906
39.59980916976929,0.42230138679193185,0.08503944283949605,0.016358976462620006,0.4310890676365446
39.64996910095215,0.42083981502493795,0.08504615463324451,0.01528622248250908,0.42961921154193106
39.699806928634644,0.4625528605364331,0.0926707888254749,0.01761469044174811,0.4720734065919529
39.749820709228516,0.460255673524317,0.08834073436232713,0.017888178034441083,0.4689982486879773
39.799803495407104,0.4606515965466107,0.08383150032418356,0.018612121615167357,0.4685872649982741
39.849876403808594,0.46821797526424097,0.08707398408139717,0.020262466301045088,0.4766765345650589
39.90003705024719,0.47519116177,0.08883435588840809,0.020980433031526854,0.4838784574463106
39.950080156326294,0.46759117608990103,0.08836094294301487,0.01952239113171307,0.47626703428897443
39.999881744384766,0.47356373184544437,0.08703837053413396,0.021601009617203314,0.48198017561005935
40.04993271827698,0.470410836634253,0.09657319272321783,0.021253838037893224,0.4806916500284092
40.09985566139221,0.4863826612190621,0.10464500843622448,0.0223875183597892,0.498015935391092
40.14983153343201,0.5005560626950367,0.10791036002658254,0.023618097302273825,0.512600070446741
40.19982647895813,0.5002106258730368,0.09964516360757429,0.022181699040798628,0.5105211617935265
40.249821186065674,0.5343264710016323,0.10266080509896411,0.024106023886010783,0.5446330130502728
40.2998104095459,0.5118558047456198,0.10646472232883859,0.022327209355716814,0.5232873075376057
40.349867820739746,0.5116910709077906,0.10755941298853669,0.021862079510927376,0.5233304213302933
40.399792432785034,0.4918522635199707,0.1001976112848913,0.021603558105508708,0.5024190722491881
40.44982886314392,0.4914533971061222,0.10142880386377601,0.0228244141045287,0.5023297698321285
40.499780893325806,0.4756153687092057,0.09071305309926087,0.021945889968294,0.4846859385638121
40.54988193511963,0.4779199759747785,0.08419342397968707,0.024183715245893078,0.48588155774864583
40.5998477935791,0.48152219888746556,0.09322210706440419,0.02462611098147391,0.49108088397841254
40.649822473526,0.47659471779260254,0.09346777019830194,0.022949309030387135,0.4862154048141885
40.69978451728821,0.48873411741393663,0.09213380700935332,0.023285800073233387,0.49788744150005126
40.74978756904602,0.4961140436051601,0.09035535697168065,0.02504447078682685,0.5048964847498294
40.79975152015686,0.4908403595923416,0.09753674923281622,0.026045978224847093,0.5011148261998778
40.84982252120972,0.5023058623619366,0.09335263733810255,0.027800527395074826,0.5116627439872796
40.89978885650635,0.5011676368458351,0.09130267761319376,0.029003458795799866,0.510241491632244
40.949785470962524,0.4949965812061475,0.0783903755453673,0.02871271516459886,0.5019871376798825
40.99980688095093,0.5038280894444768,0.08052577115174749,0.02864923954027521,0.5110263422359863
41.04981517791748,0.5108551864438778,0.08656686245161013,0.028269000050156236,0.5189084500710707
41.099836111068726,0.5158247482246522,0.08381588187202932,0.027533058713698117,0.52331476403513
41.1498920917511,0.4892126651528608,0.0798196495036577,0.02781195734191354,0.4964611899877374
41.19979929924011,0.48449885200281606,0.07421689266224334,0.026937691387519704,0.4908899306013262
41.249765396118164,0.48516946793437005,0.07709075676539705,0.026068045584179744,0.49194709105244255
41.29997682571411,0.48342916022336196,0.08115226456015424,0.026488577726723646,0.4909084311228429
41.34983468055725,0.49481944552707235,0.07028637577698449,0.02709628456795104,0.5005203961168517
41.399887800216675,0.5117028742265983,0.06739896081794461,0.03148038411921963,0.5170816821309708
41.44982385635376,0.5226953716305535,0.06651347245754527,0.032982430253257526,0.5279416011717338
41.49982190132141,0.534827209885306,0.0645418425192247,0.03232630090903608,0.5396765546139086
41.549882888793945,0.5174599445778134,0.057391803486136414,0.032592037435782616,0.5216520432760524
41.59984803199768,0.5418778663839979,0.06724803817535713,0.0351528135118325,0.5471650948416811
41.650060176849365,0.5521408202556086,0.06372381926175409,0.03383656035786978,0.5568349157072433
41.699949741363525,0.5266254160809736,0.059757149637694816,0.033369973950026076,0.5310544237238833
41.74980092048645,0.5253367412670656,0.05358136694295427,0.03285282272915778,0.5290831338928211
41.799914598464966,0.5338551919042944,0.051457492643910974,0.03341085448104571,0.5373690767708195
41.849804639816284,0.5494012036999745,0.051408861931854656,0.03436872570682739,0.5528704758067847
41.89983367919922,0.5252965779974867,0.061681344633160155,0.03126702706443485,0.5298289442009303
41.94980764389038,0.5320420756557956,0.06894609456494584,0.031935958809776815,0.5374404522260914
41.9997992515564,0.5196487942028772,0.0668849186655003,0.03027240356775752,0.524809374991686
42.049729108810425,0.4961057205271772,0.05278231739112965,0.029563606344348608,0.4997808177481917
42.09981918334961,0.5260129954218717,0.05564747631200723,0.03224312877272021,0.5299301202287333
42.15020966529846,0.5027064955898353,0.06121471300265588,0.030264361267941447,0.5073233617321078
42.19979667663574,0.4817448731687275,0.05770377431923863,0.028325373369891396,0.48601458329106
42.249847650527954,0.511258618228046,0.05785212947740579,0.0278864005961347,0.5152765227872599
42.29983425140381,0.5109223950452287,0.07210442235928154,0.026049068348190218,0.5166423283513722
42.3498797416687,0.5235728253399822,0.07333002357973961,0.025545841485267704,0.5292999015774394
42.39982342720032,0.5154591047485136,0.06794972700103692,0.026452032722895858,0.5205909758177025
42.44976592063904,0.5152855434055191,0.06467796352870811,0.024224849721365644,0.519893521360831
42.49992370605469,0.5061792258732271,0.05659067889638033,0.022514303029775858,0.5098301751411829
42.549784421920776,0.49371205437486093,0.0542726692774279,0.022169556122417375,0.49718065578239035
42.59992480278015,0.47526459618736866,0.05464424445252911,0.02085138644346738,0.47884988269555334
42.64985966682434,0.4947583076800971,0.05791333527635538,0.021524715507004303,0.4986010938605757
42.69980502128601,0.49363817951591416,0.06035154599918665,0.02320166788097654,0.49785467635921327
42.74987316131592,0.49935715862094093,0.05364562496770138,0.02267638363650165,0.5027421240745444
42.800026178359985,0.5024485623993761,0.05214972192933168,0.024876486413307745,0.5057598154566827
42.84980082511902,0.5239140586322452,0.0535229244324342,0.025596205200199677,0.527262562669646
42.899816274642944,0.5238610111208397,0.05936829367197977,0.02534934819926835,0.5278234010729334
42.94995045661926,0.5189114899694024,0.0604809202293165,0.02641965799317811,0.5230918413266705
42.99978995323181,0.5031663961400042,0.06098444929994566,0.02541536011336007,0.507485434067451
